<?xml version="1.0" encoding="UTF-8" ?>
<XMLDB PATH="mod/echolink/db" VERSION="20120122" COMMENT="XMLDB file for EchoLink module"
    xmlns:xsi="http://www.w3.org/2001/XMLSchema-instance"
    xsi:noNamespaceSchemaLocation="../../../lib/xmldb/xmldb.xsd"
>
  <TABLES>
    <TABLE NAME="echolink" COMMENT="each record is one echolink resource">
      <FIELDS>
        <FIELD NAME="id" TYPE="int" LENGTH="10" NOTNULL="true" UNSIGNED="true" SEQUENCE="true" NEXT="course"/>
        <FIELD NAME="course" TYPE="int" LENGTH="10" NOTNULL="true" UNSIGNED="true" DEFAULT="0" SEQUENCE="false" PREVIOUS="id" NEXT="name"/>
        <FIELD NAME="name" TYPE="char" LENGTH="255" NOTNULL="true" SEQUENCE="false" PREVIOUS="course" NEXT="intro"/>
        <FIELD NAME="intro" TYPE="text" LENGTH="small" NOTNULL="false" SEQUENCE="false" PREVIOUS="name" NEXT="introformat"/>
        <FIELD NAME="introformat" TYPE="int" LENGTH="4" NOTNULL="true" UNSIGNED="true" DEFAULT="0" SEQUENCE="false" PREVIOUS="intro" NEXT="externalecholink"/>
        <FIELD NAME="externalecholink" TYPE="text" LENGTH="small" NOTNULL="true" SEQUENCE="false" PREVIOUS="introformat" NEXT="display"/>
        <FIELD NAME="display" TYPE="int" LENGTH="4" NOTNULL="true" UNSIGNED="true" DEFAULT="0" SEQUENCE="false" PREVIOUS="externalecholink" NEXT="displayoptions"/>
        <FIELD NAME="displayoptions" TYPE="text" LENGTH="small" NOTNULL="false" SEQUENCE="false" PREVIOUS="display" NEXT="parameters"/>
        <FIELD NAME="parameters" TYPE="text" LENGTH="small" NOTNULL="false" SEQUENCE="false" PREVIOUS="displayoptions" NEXT="timemodified"/>
        <FIELD NAME="timemodified" TYPE="int" LENGTH="10" NOTNULL="true" UNSIGNED="true" DEFAULT="0" SEQUENCE="false" PREVIOUS="parameters"/>
      </FIELDS>
      <KEYS>
        <KEY NAME="primary" TYPE="primary" FIELDS="id"/>
      </KEYS>
      <INDEXES>
        <INDEX NAME="course" UNIQUE="false" FIELDS="course"/>
      </INDEXES>
    </TABLE>
  </TABLES>
</XMLDB>
