<?xml version="1.0" encoding="UTF-8" ?>
<XMLDB PATH="mod/aspirelists/db" VERSION="2014042301" COMMENT="XMLDB file for Moodle mod/aspirelists"
       xmlns:xsi="http://www.w3.org/2001/XMLSchema-instance"
       xsi:noNamespaceSchemaLocation="../../../lib/xmldb/xmldb.xsd"
        >
    <TABLES>
        <TABLE NAME="aspirelists" COMMENT="Talis Aspire Resource Lists">
            <FIELDS>
                <FIELD NAME="id" TYPE="int" LENGTH="10" NOTNULL="true" SEQUENCE="true" NEXT="course"/>
                <FIELD NAME="course" TYPE="int" LENGTH="10" NOTNULL="true" DEFAULT="0" SEQUENCE="false" PREVIOUS="id" NEXT="name"/>
                <FIELD NAME="name" TYPE="char" LENGTH="255" NOTNULL="true" SEQUENCE="false" PREVIOUS="course" NEXT="intro"/>
                <FIELD NAME="intro" TYPE="text" NOTNULL="false" SEQUENCE="false" PREVIOUS="name" NEXT="introformat"/>
                <FIELD NAME="introformat" TYPE="int" LENGTH="4" NOTNULL="true" DEFAULT="0" SEQUENCE="false" PREVIOUS="intro" NEXT="timemodified"/>
                <FIELD NAME="timemodified" TYPE="int" LENGTH="10" NOTNULL="true" DEFAULT="0" SEQUENCE="false" PREVIOUS="introformat" NEXT="display"/>
                <FIELD NAME="display" TYPE="int" LENGTH="4" NOTNULL="true" DEFAULT="0" SEQUENCE="false" COMMENT="Display type of resource list - on a separate page or inline" PREVIOUS="timemodified" NEXT="showexpanded"/>
                <FIELD NAME="showexpanded" TYPE="int" LENGTH="1" NOTNULL="true" UNSIGNED="false" DEFAULT="0" SEQUENCE="false" COMMENT="1 = expanded, 0 = collapsed by default" PREVIOUS="display"/>
            </FIELDS>
            <KEYS>
                <KEY NAME="primary" TYPE="primary" FIELDS="id"/>
            </KEYS>
            <INDEXES>
                <INDEX NAME="course" UNIQUE="false" FIELDS="course"/>
            </INDEXES>
        </TABLE>
    </TABLES>
</XMLDB>